OBJECT_NAME,OBJECT_ID,EPOCH,MEAN_MOTION,ECCENTRICITY,INCLINATION,RA_OF_ASC_NODE,ARG_OF_PERICENTER,MEAN_ANOMALY,EPHEMERIS_TYPE,CLASSIFICATION_TYPE,NORAD_CAT_ID,ELEMENT_SET_NO,REV_AT_EPOCH,BSTAR,MEAN_MOTION_DOT,MEAN_MOTION_DDOT
GPS BIIR-5  (PRN 22),2000-040A,2026-06-11T07:39:21.379680,2.00557597,.01210972,54.8521,215.3954,302.4443,64.3462,0,U,26407,999,18983,0,.79E-6,0
GPS BIIR-8  (PRN 16),2003-005A,2026-06-11T02:51:33.703776,2.00560850,.01479564,54.8831,215.2101,53.0771,305.3357,0,U,27663,999,17118,0,.78E-6,0
GPS BIIR-11 (PRN 19),2004-009A,2026-06-11T10:22:47.346816,2.00554845,.01159067,54.8347,275.9199,172.8148,205.1196,0,U,28190,999,16283,0,-.39E-6,0
GPS BIIR-13 (PRN 02),2004-045A,2026-06-11T08:14:13.133184,2.00555552,.01698718,55.1399,325.1314,316.2822,62.1293,0,U,28474,999,15831,0,-.66E-6,0
GPS BIIRM-1 (PRN 17),2005-038A,2026-06-11T08:25:02.927712,2.00566014,.0127819,54.8829,273.4132,296.1089,51.2034,0,U,28874,999,15171,0,-.36E-6,0
INMARSAT 4-F2 (SOUTHPAN/PRN 122),2005-044A,2026-06-11T00:14:11.282784,1.00271313,.00028542,5.0868,43.7052,34.8095,327.8867,0,U,28899,999,7546,0,-.247E-5,0
GPS BIIRM-2 (PRN 31),2006-042A,2026-06-11T06:19:40.550592,2.00570153,.01065013,54.7100,151.5741,54.2706,128.5486,0,U,29486,999,14427,0,.106E-5,0
GPS BIIRM-3 (PRN 12),2006-052A,2026-06-10T22:28:53.199840,2.00557843,.0085247,54.9356,214.2541,90.7995,270.2610,0,U,29601,999,14328,0,.78E-6,0
GPS BIIRM-4 (PRN 15),2007-047A,2026-06-11T05:47:56.571936,2.00555467,.01665605,54.0909,80.3107,87.2611,274.6384,0,U,32260,999,13669,0,-.32E-6,0
COSMOS 2433 (720),2007-052A,2026-06-10T08:18:16.158240,2.13104347,.00022232,65.5811,316.1641,191.9747,168.0168,0,U,32275,999,14491,0,-.36E-6,0
COSMOS 2432 (719),2007-052B,2026-06-11T08:30:05.798592,2.13103380,.00077644,65.5974,316.2581,332.8636,24.5023,0,U,32276,999,14495,0,-.41E-6,0
GPS BIIRM-5 (PRN 29),2007-062A,2026-06-09T13:32:48.719328,2.00559605,.00356072,55.0380,274.4593,165.1380,191.1290,0,U,32384,999,13535,0,-.39E-6,0
COSMOS 2434 (721),2007-065A,2026-06-10T03:19:28.973856,2.13101497,.00010921,64.3174,192.1535,340.0608,110.6232,0,U,32393,999,14362,0,.115E-5,0
COSMOS 2436 (723),2007-065C,2026-06-11T09:02:19.231872,2.13100308,.0017255,64.3262,192.1838,354.1299,98.7062,0,U,32395,999,14360,0,.121E-5,0
GPS BIIRM-6 (PRN 07),2008-012A,2026-06-11T03:41:03.242400,2.00572229,.0211161,54.4965,150.1657,247.7703,109.9826,0,U,32711,999,13363,0,.105E-5,0
GPS BIIRM-8 (PRN 05),2009-043A,2026-06-10T09:13:38.892288,2.00554574,.00537306,56.2061,27.7190,82.9103,92.0957,0,U,35752,999,12322,0,-.65E-6,0
COSMOS 2456 (730),2009-070A,2026-06-10T12:23:46.381056,2.13103917,.00048456,65.0072,71.1996,328.3818,210.3828,0,U,36111,999,12828,0,-.29E-6,0
COSMOS 2457 (733),2009-070B,2026-06-11T07:15:36.570240,2.13101298,.00024966,64.9933,71.0172,127.8913,61.3292,0,U,36112,999,12830,0,-.32E-6,0
COSMOS 2460 (732),2010-007C,2026-06-11T18:13:32.433888,2.13101571,.0002078,65.4240,314.6503,109.7593,71.9337,0,U,36402,999,12661,0,-.44E-6,0
GPS BIIF-1  (PRN 25),2010-022A,2026-06-11T12:54:40.295232,2.00562117,.01263389,54.2707,208.7896,66.1322,340.1606,0,U,36585,999,11748,0,.91E-6,0
BEIDOU-2 IGSO-1 (C06),2010-036A,2026-06-11T15:38:38.764320,1.00273705,.00591827,54.3019,163.0102,225.0933,214.2172,0,U,36828,999,5804,0,-.28E-6,0
BEIDOU-2 G4 (C04),2010-057A,2026-06-11T13:19:38.726976,1.00271513,.00050257,3.6316,68.9822,198.3824,352.4612,0,U,37210,999,5723,0,-.97E-6,0
BEIDOU-2 IGSO-2 (C07),2010-068A,2026-06-10T16:33:25.834176,1.00285724,.00555234,47.5603,271.9154,212.3969,130.7661,0,U,37256,999,5672,0,-.227E-5,0
BEIDOU-2 IGSO-3 (C08),2011-013A,2026-06-10T17:11:36.843360,1.00268972,.0034354,62.3981,40.2143,184.2630,40.3873,0,U,37384,999,5559,0,-.195E-5,0
GSAT-8 (GAGAN/PRN 127),2011-022A,2026-06-11T13:30:27.598752,1.00271701,.00023155,2.1158,81.8879,206.1961,229.5060,0,U,37605,999,5316,0,.1E-5,0
BEIDOU-2 IGSO-4 (C09),2011-038A,2026-06-10T23:51:32.190912,1.00286219,.01592846,54.5995,165.7286,231.3799,313.2674,0,U,37763,999,5458,0,.95E-6,0
GSAT0101 (GALILEO-PFM),2011-060A,2026-06-09T19:25:33.565728,1.70475644,.00032151,56.9968,341.9613,49.6311,310.4133,0,U,37846,999,9099,0,-.62E-6,0
GSAT0102 (GALILEO-FM2),2011-060B,2026-06-07T09:39:10.082592,1.70476015,.00034343,57.0009,342.0270,13.7700,354.5257,0,U,37847,999,9096,0,-.63E-6,0
COSMOS 2476 (744),2011-064A,2026-06-10T03:38:05.894304,2.13104012,.00229093,65.2660,73.1090,239.3726,287.6651,0,U,37867,999,11361,0,-.25E-6,0
COSMOS 2477 (745),2011-064B,2026-06-11T08:09:39.411072,2.13103125,.00200232,65.2729,73.1484,240.6132,298.6270,0,U,37868,999,11363,0,-.3E-6,0
COSMOS 2475 (743),2011-064C,2026-06-11T09:38:38.672736,2.13102008,.00256836,65.2798,73.1677,253.4267,288.3654,0,U,37869,999,11364,0,-.3E-6,0
BEIDOU-2 IGSO-5 (C10),2011-073A,2026-06-10T18:51:33.119136,1.00274252,.01136979,47.6911,271.6265,221.6290,140.5292,0,U,37948,999,5307,0,-.166E-5,0
LUCH 5A (SDCM/PRN 140),2011-074B,2026-06-11T12:19:35.950656,1.00269761,.00022058,8.7389,73.8906,21.3830,156.4593,0,U,37951,999,5299,0,-.38E-6,0
BEIDOU-2 G5 (C05),2012-008A,2026-06-11T16:24:17.978688,1.00270637,.000921,3.5586,69.7330,274.5160,220.5147,0,U,38091,999,5231,0,.72E-6,0
BEIDOU-2 M3 (C11),2012-018A,2026-06-11T06:46:16.125312,1.86230146,.0019968,55.7634,305.0746,274.6293,85.1272,0,U,38250,999,9583,0,-.66E-6,0
BEIDOU-2 M4 (C12),2012-018B,2026-06-09T14:29:07.108800,1.86229817,.00111465,55.6651,304.3456,277.0468,82.8157,0,U,38251,999,9580,0,-.6E-6,0
SES-5 (EGNOS/PRN 136),2012-036A,2026-06-10T16:44:16.060704,1.00271674,.00018481,0.0496,311.6239,129.2695,74.2159,0,U,38652,999,4439,0,.51E-6,0
BEIDOU-2 M6 (C14),2012-050B,2026-06-10T22:10:50.283840,1.86230876,.00138013,56.5389,63.1015,356.5359,3.4771,0,U,38775,999,9319,0,-.53E-6,0
GSAT-10 (GAGAN/PRN 128),2012-051B,2026-06-11T11:55:49.330272,1.00269530,.00077471,0.0170,344.7003,106.3247,70.7939,0,U,38779,999,5004,0,0,0
GPS BIIF-3  (PRN 24),2012-053A,2026-06-11T08:00:08.402112,2.00567339,.01799465,53.5848,143.8391,65.6739,296.1889,0,U,38833,999,9932,0,.92E-6,0
GSAT0103 (GALILEO-FM3),2012-055A,2026-06-11T00:33:20.070144,1.70473353,.00049909,55.8029,101.7147,304.7651,55.1525,0,U,38857,999,8490,0,.14E-6,0
BEIDOU-2 G6 (C02),2012-059A,2026-06-11T15:56:22.643808,1.00273386,.00098409,4.4060,73.5834,324.7911,184.7466,0,U,38953,999,4985,0,-.162E-5,0
LUCH 5B (SDCM/PRN 125),2012-061A,2026-06-10T23:28:44.789088,1.00273172,.00019402,10.4672,49.9410,141.4195,43.8723,0,U,38977,999,4954,0,-.127E-5,0
COSMOS 2485 (747),2013-019A,2026-06-11T06:41:34.139040,2.13103450,.00233615,65.4165,73.8029,234.5519,125.2463,0,U,39155,999,10215,0,-.29E-6,0
GPS BIIF-4  (PRN 27),2013-023A,2026-06-11T04:48:17.540928,2.00563436,.01415656,54.5089,269.2176,51.0220,310.2469,0,U,39166,999,9576,0,-.3E-6,0
IRNSS-1A,2013-034A,2026-05-22T20:37:38.469792,1.00280263,.00166187,35.6649,64.2334,185.3754,355.4646,0,U,39199,999,4711,0,.59E-6,0
GPS BIIF-5  (PRN 30),2014-008A,2026-06-11T04:50:37.246272,2.00559361,.00842436,53.6537,149.5638,231.1841,128.0659,0,U,39533,999,8956,0,.102E-5,0
ASTRA 5B (EGNOS/PRN 123),2014-011B,2026-06-11T13:21:20.972736,1.00271057,.00018893,0.0514,325.6594,103.2167,54.8518,0,U,39617,999,4461,0,.154E-5,0
COSMOS 2492 (754),2014-012A,2026-06-09T08:39:27.110016,2.13103521,.00104861,65.3026,314.2024,325.9791,33.9512,0,U,39620,999,9507,0,-.33E-6,0
IRNSS-1B,2014-017A,2026-06-10T18:41:19.254048,1.00274335,.00229797,28.9327,240.5136,189.5605,164.4642,0,U,39635,999,4472,0,.125E-5,0
LUCH 5V (SDCM/PRN 141),2014-023A,2026-06-11T15:24:23.577120,1.00265868,.00027162,5.1184,69.8082,38.5192,117.3745,0,U,39727,999,4430,0,-.253E-5,0
GPS BIIF-6  (PRN 06),2014-026A,2026-06-10T23:29:17.077632,2.00561348,.00382142,56.5015,331.7592,326.6633,33.1027,0,U,39741,999,8841,0,-.62E-6,0
COSMOS 2500 (755),2014-032A,2026-06-10T22:31:12.700416,2.13106108,.00071114,65.2368,313.8964,183.5572,176.4316,0,U,40001,999,9332,0,-.4E-6,0
GPS BIIF-7  (PRN 09),2014-045A,2026-06-11T01:41:19.002912,2.00557949,.00330492,55.3493,88.7087,118.3165,242.0048,0,U,40105,999,8595,0,-.16E-6,0
GSAT0201 (GALILEO 5),2014-050A,2026-06-09T07:58:17.347008,1.85520027,.16733008,48.8841,273.7586,179.0833,181.3092,0,U,40128,999,7817,0,-.53E-6,0
GSAT0202 (GALILEO 6),2014-050B,2026-06-09T14:06:18.101664,1.85520607,.16746766,48.9007,272.8335,179.8278,180.2807,0,U,40129,999,8034,0,-.52E-6,0
IRNSS-1C,2014-061A,2026-06-10T21:04:30.635904,1.00270328,.0022686,6.5024,89.0489,1.7061,207.6145,0,U,40269,999,4262,0,-.146E-5,0
GPS BIIF-8  (PRN 03),2014-068A,2026-06-10T22:34:44.527296,2.00575724,.00669153,56.9833,31.1954,70.3530,290.4228,0,U,40294,999,8508,0,-.63E-6,0
COSMOS 2501 (702K),2014-075A,2026-06-11T04:48:31.142880,2.13101483,.00225423,63.6159,190.5792,212.2512,147.6843,0,U,40315,999,8972,0,.121E-5,0
GPS BIIF-9  (PRN 26),2015-013A,2026-06-11T01:54:03.776832,2.00551724,.01093756,53.1684,204.4303,40.0978,320.7887,0,U,40534,999,8170,0,.94E-6,0
GSAT0203 (GALILEO 7),2015-017A,2026-06-08T09:56:18.112128,1.70476076,.00020951,56.7896,341.8347,280.5229,79.4690,0,U,40544,999,6905,0,-.63E-6,0
GSAT0204 (GALILEO 8),2015-017B,2026-06-11T00:23:20.064480,1.70475559,.00018935,56.7983,341.7824,249.4853,110.5089,0,U,40545,999,3214,0,-.65E-6,0
BEIDOU-3S IGSO-1S (C31),2015-019A,2026-06-10T20:33:56.597184,1.00251826,.00387139,49.2085,295.5396,190.8479,173.2945,0,U,40549,999,4101,0,-.178E-5,0
GPS BIIF-10 (PRN 08),2015-033A,2026-06-11T05:42:32.655744,2.00556495,.01150445,53.9871,267.3319,30.2134,330.4646,0,U,40730,999,7987,0,-.28E-6,0
BEIDOU-3S M2S (C58),2015-037A,2026-06-11T10:00:18.650592,1.86232307,.00081133,54.8770,302.2455,260.6856,99.2075,0,U,40748,999,7401,0,-.66E-6,0
BEIDOU-3S M1S (C57),2015-037B,2026-06-11T02:06:52.819776,1.86254768,.00035688,54.8731,302.2441,61.0915,298.9301,0,U,40749,999,7401,0,-.65E-6,0
GSAT0205 (GALILEO 9),2015-045A,2026-05-24T07:17:44.873376,1.67409242,.00064058,54.9357,222.4171,263.0112,96.9692,0,U,40889,999,6656,0,-.14E-6,0
GSAT0206 (GALILEO 10),2015-045B,2026-06-09T19:57:39.153024,1.70473928,.00016825,54.9468,221.8077,339.7025,20.3746,0,U,40890,999,6691,0,.48E-6,0
BEIDOU-3S IGSO-2S (C56),2015-053A,2026-06-10T18:07:21.790848,1.00261032,.00654009,49.2318,258.8610,191.8182,175.7790,0,U,40938,999,3929,0,-.15E-5,0
GPS BIIF-11 (PRN 10),2015-062A,2026-06-09T07:11:53.760192,2.00566961,.01116543,56.9540,31.1152,231.1327,127.9172,0,U,41019,999,7767,0,-.64E-6,0
GSAT-15 (GAGAN/PRN 139),2015-065A,2026-06-11T11:58:41.553984,1.00270441,.00040726,0.0848,266.0592,160.0360,106.9192,0,U,41028,999,3874,0,-.241E-5,0
GSAT0209 (GALILEO 12),2015-079A,2026-06-11T04:08:57.993216,1.70473704,.00053947,55.8238,101.4269,341.0365,18.9073,0,U,41174,999,6467,0,.12E-6,0
GSAT0208 (GALILEO 11),2015-079B,2026-06-09T15:12:09.629856,1.70473549,.00048989,55.8212,101.4660,340.3551,19.5970,0,U,41175,999,6506,0,.22E-6,0
IRNSS-1E,2016-003A,2026-06-09T15:34:40.861056,1.00268584,.00179263,33.2186,59.8594,179.3195,4.1979,0,U,41241,999,3800,0,-.299E-5,0
GPS BIIF-12 (PRN 32),2016-007A,2026-06-07T21:28:05.581056,2.00552243,.00962315,55.5185,89.8281,247.4008,111.5747,0,U,41328,999,7565,0,.8E-7,0
COSMOS 2514 (751),2016-008A,2026-06-10T17:10:21.933696,2.13102560,.00110303,65.0259,313.2287,197.5647,162.3913,0,U,41330,999,8048,0,-.4E-6,0
BEIDOU-2 IGSO-6 (C13),2016-021A,2026-06-10T15:13:38.494848,1.00260596,.00570883,60.2161,38.1061,231.5348,311.0293,0,U,41434,999,3741,0,-.157E-5,0
IRNSS-1G,2016-027A,2026-06-11T13:51:35.777088,1.00268891,.00075276,5.1843,97.6026,353.5684,146.2112,0,U,41469,999,3712,0,-.319E-5,0
GSAT0211 (GALILEO 14),2016-030A,2026-06-07T23:56:39.039648,1.70473969,.00027771,55.0982,221.9480,325.1627,34.9006,0,U,41549,999,6251,0,.43E-6,0
GSAT0210 (GALILEO 13),2016-030B,2026-06-08T20:11:48.224832,1.70474105,.00030682,55.0968,221.9227,229.8535,130.2012,0,U,41550,999,6252,0,.45E-6,0
BEIDOU-2 G7 (C03),2016-037A,2026-06-11T15:49:20.959104,1.00266974,.0007006,1.7050,69.2718,3.5354,175.0308,0,U,41586,999,683,0,-.337E-5,0
EUTELSAT 117 WEST B (WAAS/PRN 131),2016-038B,2026-06-10T23:00:07.663392,1.00272883,.00002551,0.0090,159.3478,217.2674,110.7257,0,U,41589,999,3660,0,.6E-7,0
GSAT0207 (GALILEO 15),2016-069A,2026-06-09T02:52:30.794304,1.70473627,.00054236,55.4940,101.3095,327.7880,32.1516,0,U,41859,999,5926,0,.23E-6,0
GSAT0212 (GALILEO 16),2016-069B,2026-06-10T03:30:48.933216,1.70473868,.00046789,55.4922,101.2762,355.7318,4.2331,0,U,41860,999,5953,0,.18E-6,0
GSAT0213 (GALILEO 17),2016-069C,2026-06-11T02:24:19.495296,1.70474163,.00050714,55.4950,101.2576,311.9600,47.9612,0,U,41861,999,5941,0,.12E-6,0
GSAT0214 (GALILEO 18),2016-069D,2026-06-08T21:36:08.572608,1.70473875,.0004328,55.4924,101.3112,318.2384,41.7019,0,U,41862,999,5950,0,.24E-6,0
SES-15 (WAAS/PRN 133),2017-026A,2026-06-08T12:46:06.263616,1.00270105,.00005164,0.0197,332.0701,88.0806,259.1449,0,U,42709,999,734,0,.76E-6,0
QZS-2 (QZSS/PRN 194),2017-028A,2026-06-09T12:56:43.810944,1.00285994,.07605811,39.4388,243.2674,269.1776,81.0235,0,U,42738,999,754,0,-.147E-5,0
QZS-3 (QZSS/PRN 199),2017-048A,2026-06-11T13:50:58.337376,1.00267611,.00025391,0.0670,170.0098,279.1209,145.5265,0,U,42917,999,3220,0,-.331E-5,0
COSMOS 2522 (752),2017-055A,2026-06-10T02:01:05.325024,2.13102025,.00106792,64.0782,192.1263,240.0455,119.9210,0,U,42939,999,6782,0,.114E-5,0
QZS-4 (QZSS/PRN 195),2017-062A,2026-06-11T08:43:46.489728,1.00252284,.07452003,40.1116,343.5575,271.6390,272.9173,0,U,42965,999,3174,0,-.318E-5,0
BEIDOU-3 M1 (C19),2017-069A,2026-06-10T03:39:44.209728,1.86231422,.00106003,56.6854,63.3171,324.5878,35.3649,0,U,43001,999,5847,0,-.5E-6,0
BEIDOU-3 M2 (C20),2017-069B,2026-06-11T03:57:56.500992,1.86230927,.00092476,56.6856,63.3198,349.7918,10.2118,0,U,43002,999,5848,0,-.53E-6,0
GSAT0215 (GALILEO 19),2017-079A,2026-06-09T23:26:19.010688,1.70474602,.0003311,55.0750,221.7051,266.3689,93.6775,0,U,43055,999,5286,0,.49E-6,0
GSAT0216 (GALILEO 20),2017-079B,2026-06-10T06:25:34.900320,1.70474756,.00037016,55.0753,221.6973,276.7573,83.2861,0,U,43056,999,5288,0,.5E-6,0
GSAT0217 (GALILEO 21),2017-079C,2026-06-09T07:34:09.537888,1.70474233,.00038945,55.0739,221.7216,284.8595,75.1799,0,U,43057,999,5285,0,.46E-6,0
GSAT0218 (GALILEO 22),2017-079D,2026-06-11T07:05:06.742752,1.70474706,.00043805,55.0734,221.6644,272.9557,87.0844,0,U,43058,999,5291,0,.55E-6,0
BEIDOU-3 M7 (C27),2018-003A,2026-06-10T21:46:03.959328,1.86228295,.00049187,54.3345,302.5346,92.1737,267.8691,0,U,43107,999,5723,0,-.66E-6,0
BEIDOU-3 M8 (C28),2018-003B,2026-06-10T20:26:40.623648,1.86231139,.00024795,54.3271,302.5183,264.9308,95.0275,0,U,43108,999,5724,0,-.66E-6,0
BEIDOU-3 M4 (C22),2018-018A,2026-06-09T03:31:38.545824,1.86231351,.00076882,56.6431,63.4146,17.0743,342.9760,0,U,43207,999,5659,0,-.46E-6,0
BEIDOU-3 M3 (C21),2018-018B,2026-06-08T03:20:55.965696,1.86231220,.00088128,56.6424,63.4518,338.8483,21.1416,0,U,43208,999,5657,0,-.42E-6,0
BEIDOU-3 M9 (C29),2018-029A,2026-06-10T12:07:24.300768,1.86228273,.00008622,54.2010,300.1836,145.8498,214.1437,0,U,43245,999,5577,0,-.64E-6,0
BEIDOU-3 M10 (C30),2018-029B,2026-06-10T23:26:08.666880,1.86229415,.00039854,54.1977,300.1930,38.6897,321.3255,0,U,43246,999,5576,0,-.65E-6,0
IRNSS-1I,2018-035A,2026-06-10T23:58:16.872960,1.00270739,.00178781,28.7398,74.2932,181.9830,57.5112,0,U,43286,999,3001,0,.84E-6,0
COSMOS 2527 (756),2018-053A,2026-06-10T23:37:19.080768,2.13102302,.00073927,65.5740,74.1146,241.2390,118.7028,0,U,43508,999,6214,0,-.28E-6,0
BEIDOU-2 IGSO-7 (C16),2018-057A,2026-06-10T23:53:30.375744,1.00253023,.01048473,55.1937,163.1120,237.9272,327.1184,0,U,43539,999,2906,0,.4E-6,0
GSAT0221 (GALILEO 25),2018-060A,2026-06-10T14:42:06.878304,1.70475913,.00026784,57.1738,341.9578,307.2326,52.7584,0,U,43564,999,4905,0,-.63E-6,0
GSAT0222 (GALILEO 26),2018-060B,2026-06-10T19:58:24.296160,1.70475642,.00019097,57.1762,341.9557,252.3571,107.6372,0,U,43565,999,4910,0,-.64E-6,0
GSAT0219 (GALILEO 23),2018-060C,2026-06-10T11:11:49.199424,1.70475904,.00021959,57.1743,341.9669,328.4405,31.5620,0,U,43566,999,4907,0,-.63E-6,0
GSAT0220 (GALILEO 24),2018-060D,2026-06-08T08:11:18.198240,1.70475807,.00022536,57.1759,342.0253,317.6959,42.3025,0,U,43567,999,4902,0,-.62E-6,0
BEIDOU-3 M5 (C23),2018-062A,2026-06-11T04:48:53.510112,1.86228594,.00055386,54.0853,182.5077,288.4477,71.5559,0,U,43581,999,5352,0,.128E-5,0
BEIDOU-3 M6 (C24),2018-062B,2026-06-11T14:25:28.308576,1.86227777,.00048079,54.0847,182.4833,9.7323,350.3409,0,U,43582,999,5353,0,.128E-5,0
BEIDOU-3 M12 (C26),2018-067A,2026-06-11T00:03:32.776416,1.86227936,.00077159,54.1799,181.2502,30.0385,330.0674,0,U,43602,999,5300,0,.129E-5,0
BEIDOU-3 M11 (C25),2018-067B,2026-06-11T03:18:00.817344,1.86227390,.00044699,54.1774,181.2091,14.3139,345.7605,0,U,43603,999,5303,0,.129E-5,0
BEIDOU-3 M13 (C32),2018-072A,2026-06-11T02:12:59.549760,1.86231514,.00074544,56.6193,62.8611,327.3449,32.6321,0,U,43622,999,5254,0,-.54E-6,0
BEIDOU-3 M14 (C33),2018-072B,2026-06-10T22:59:13.252992,1.86231499,.00061619,56.6207,62.8602,357.5003,2.5196,0,U,43623,999,5253,0,-.53E-6,0
BEIDOU-3 M16 (C35),2018-078A,2026-06-08T10:17:01.510944,1.86232291,.00073342,54.0984,300.2932,40.8019,319.2453,0,U,43647,999,5199,0,-.58E-6,0
BEIDOU-3 M15 (C34),2018-078B,2026-06-09T02:16:24.406752,1.86232356,.000433,54.0936,300.2703,57.2099,302.8231,0,U,43648,999,5202,0,-.6E-6,0
BEIDOU-3 G1 (C59),2018-085A,2026-06-11T16:23:07.973952,1.00271019,.00082731,2.8530,97.5408,348.4008,219.8422,0,U,43683,999,2800,0,-.93E-6,0
COSMOS 2529 (757),2018-086A,2026-06-11T01:56:22.833312,2.13102175,.00117747,64.2944,192.8006,256.0467,103.8983,0,U,43687,999,5915,0,.119E-5,0
BEIDOU-3 M17 (C36),2018-093A,2026-06-10T11:08:16.160352,1.86228347,.00100759,54.1687,182.5246,291.4418,158.4113,0,U,43706,999,5141,0,.127E-5,0
BEIDOU-3 M18 (C37),2018-093B,2026-06-11T06:24:52.343136,1.86226379,.00079034,54.1696,182.4894,320.4765,39.5298,0,U,43707,999,5142,0,.129E-5,0
GPS BIII-1  (PRN 04),2018-109A,2026-06-11T01:08:30.640704,2.00561297,.00381851,55.6781,92.4295,198.0641,172.6351,0,U,43873,999,5495,0,-.8E-7,0
BEIDOU-3 IGSO-1 (C38),2019-023A,2026-06-06T22:54:10.040832,1.00294886,.00254341,58.6799,37.7569,225.6649,92.8731,0,U,44204,999,710,0,-.215E-5,0
BEIDOU-2 G8 (C01),2019-027A,2026-06-11T15:38:30.918336,1.00272957,.00103263,1.6427,74.5030,283.1835,281.4770,0,U,44231,999,2602,0,-.231E-5,0
COSMOS 2534 (758),2019-030A,2026-06-11T11:13:19.189344,2.13102304,.00133544,64.3681,192.8091,275.1032,156.1197,0,U,44299,999,5480,0,.121E-5,0
BEIDOU-3 IGSO-2 (C39),2019-035A,2026-06-10T23:54:00.220032,1.00268507,.0039933,55.2455,158.9168,216.3389,2.4216,0,U,44337,999,2560,0,-.37E-6,0
GPS BIII-2  (PRN 18),2019-056A,2026-06-10T22:08:00.921696,2.00569440,.00617455,55.6404,331.3920,197.5539,346.1380,0,U,44506,999,4994,0,-.63E-6,0
BEIDOU-3 M24 (C46),2019-061A,2026-06-11T08:03:49.249152,1.86229258,.00082672,54.3962,182.9254,358.9131,1.1499,0,U,44542,999,4568,0,.129E-5,0
BEIDOU-3 M23 (C45),2019-061B,2026-06-11T04:51:43.909056,1.86227378,.00056091,54.3946,182.8982,337.6908,204.5715,0,U,44543,999,4568,0,.129E-5,0
EUTELSAT 5 WEST B (EGNOS/PRN 121),2019-067A,2026-06-11T08:05:20.433984,1.00271900,.00030004,0.0627,352.9367,87.2010,295.8971,0,U,44624,999,2437,0,-.25E-6,0
BEIDOU-3 IGSO-3 (C40),2019-073A,2026-05-16T19:27:04.075776,1.00246251,.0042953,54.8566,281.2355,189.4588,170.3676,0,U,44709,999,2414,0,-.217E-5,0
BEIDOU-3 M22 (C44),2019-078A,2026-06-09T13:33:18.404640,1.86227604,.0006476,53.9433,300.0965,49.2798,310.7668,0,U,44793,999,4450,0,-.61E-6,0
BEIDOU-3 M21 (C43),2019-078B,2026-06-08T15:08:22.826400,1.86228036,.00043947,53.9173,300.0906,47.4319,312.5973,0,U,44794,999,4449,0,-.59E-6,0
COSMOS 2544 (759),2019-088A,2026-06-09T23:46:15.168576,2.13102164,.00134315,65.5614,73.9710,259.4785,100.3880,0,U,44850,999,5056,0,-.23E-6,0
BEIDOU-3 M19 (C41),2019-090A,2026-06-11T07:28:14.444256,1.86231661,.00180305,56.5531,62.9856,297.6207,256.7794,0,U,44864,999,4412,0,-.54E-6,0
BEIDOU-3 M20 (C42),2019-090B,2026-06-10T02:22:05.520864,1.86231666,.00159258,56.5539,63.0605,311.2740,239.7297,0,U,44865,999,4408,0,-.5E-6,0
BEIDOU-3 G2 (C60),2020-017A,2026-06-11T15:20:16.472256,1.00272993,.00023247,2.8520,47.2486,31.4900,131.3790,0,U,45344,999,2320,0,-.126E-5,0
COSMOS 2545 (760),2020-018A,2026-06-11T02:58:33.356352,2.13102646,.00081223,64.3587,312.6323,231.2557,128.6643,0,U,45358,999,4853,0,-.43E-6,0
BEIDOU-3 G3 (C61),2020-040A,2026-06-11T15:49:20.916768,1.00269904,.00026186,2.4324,67.4380,337.6843,202.7876,0,U,45807,999,2201,0,-.338E-5,0
GPS BIII-3  (PRN 23),2020-041A,2026-06-10T12:13:09.899040,2.00558724,.00635858,56.6651,29.2031,204.6514,339.4495,0,U,45854,999,4390,0,-.64E-6,0
GALAXY 30 (WAAS/PRN 135),2020-056C,2026-06-11T09:46:38.851968,1.00273404,.0001944,0.0017,357.0112,77.5372,206.8848,0,U,46114,999,2123,0,.53E-6,0
COSMOS 2547 (705K),2020-075A,2026-06-11T07:31:27.036768,2.13100304,.00092491,64.5991,192.6716,239.6437,120.3411,0,U,46805,999,4378,0,.121E-5,0
GPS BIII-4  (PRN 14),2020-078A,2026-06-11T06:49:15.409632,2.00564772,.0073334,53.9805,211.0184,207.0647,152.7945,0,U,46826,999,4139,0,.85E-6,0
GPS BIII-5  (PRN 11),2021-054A,2026-06-11T11:57:56.322720,2.00569194,.00253073,55.1774,332.6886,228.5338,112.3097,0,U,48859,999,3663,0,-.66E-6,0
QZS-1R (QZSS/PRN 196),2021-096A,2026-06-10T15:36:03.245184,1.00257812,.07543935,37.4481,79.6817,271.6562,276.0833,0,U,49336,999,1694,0,-.241E-5,0
GSAT0223 (GALILEO 27),2021-116A,2026-06-11T03:10:17.992416,1.70475860,.00014044,57.1623,341.8389,187.4451,176.2704,0,U,49809,999,2808,0,-.65E-6,0
GSAT0224 (GALILEO 28),2021-116B,2026-06-11T12:44:48.532992,1.70475859,.00009882,57.1633,341.8270,155.4898,205.7028,0,U,49810,999,2811,0,-.66E-6,0
COSMOS 2557 (706K),2022-075A,2026-06-09T03:09:24.236064,2.13102144,.00102294,64.3021,314.7692,275.2232,84.6583,0,U,52984,999,3054,0,-.34E-6,0
COSMOS 2559 (707K),2022-130A,2026-06-10T08:36:50.817600,2.13101643,.00124272,64.2757,314.8093,178.3735,181.6269,0,U,54031,999,2854,0,-.39E-6,0
COSMOS 2564 (761),2022-161A,2026-06-11T03:22:41.160288,2.13102011,.00121159,64.7412,192.9125,224.4932,135.4856,0,U,54377,999,2750,0,.12E-5,0
GPS BIII-6  (PRN 28),2023-009A,2026-06-07T17:40:41.611872,2.00572207,.00062176,55.1217,148.8905,315.6663,226.9396,0,U,55268,999,2505,0,.105E-5,0
BEIDOU-3 G4 (C62),2023-066A,2026-06-10T08:49:24.195360,1.00265779,.00043973,0.4953,329.6081,171.1303,30.2733,0,U,56564,999,1132,0,-.265E-5,0
NVS-01 (IRNSS-1J),2023-076A,2026-06-11T13:51:35.777088,1.00267598,.0003108,2.1800,244.6164,38.1889,314.5701,0,U,56759,999,1105,0,-.317E-5,0
COSMOS 2569 (703K),2023-114A,2026-06-11T03:40:24.854016,2.13103655,.00109032,65.2988,72.8239,296.8975,63.0089,0,U,57517,999,2213,0,-.3E-6,0
BEIDOU-3 M28 (C50),2023-207A,2026-06-09T18:45:51.630912,1.86229705,.00034537,55.7464,62.5530,344.4551,15.5580,0,U,58654,999,1670,0,-.5E-6,0
BEIDOU-3 M26 (C48),2023-207B,2026-06-10T02:47:28.483296,1.86229681,.0003349,55.7488,62.5282,318.7202,41.2779,0,U,58655,999,1669,0,-.52E-6,0
GSAT0225 (GALILEO 29),2024-079A,2026-06-09T11:34:01.814016,1.70474016,.00017346,55.1155,101.2960,292.0981,244.7042,0,U,59598,999,1318,0,.21E-6,0
GSAT0227 (GALILEO 30),2024-079C,2026-06-08T04:53:54.670272,1.70474042,.00019208,55.1096,101.3297,44.5115,315.4782,0,U,59600,999,1321,0,.25E-6,0
GSAT0232 (GALILEO 32),2024-167A,2026-06-10T06:34:59.474208,1.70474330,.00060374,55.1868,221.5039,224.8875,181.2039,0,U,61182,999,1076,0,.51E-6,0
GSAT0226 (GALILEO 31),2024-167B,2026-06-11T06:44:08.955744,1.70474227,.00028332,55.1854,221.4835,223.3886,171.6670,0,U,61183,999,1075,0,.56E-6,0
BEIDOU-3 M25 (C47),2024-168B,2026-06-10T23:50:19.575168,1.86229941,.0003017,54.4795,302.4582,302.5264,42.7761,0,U,61186,999,1166,0,-.66E-6,0
BEIDOU-3 M27 (C49),2024-168C,2026-06-11T14:58:36.861600,1.86229973,.00016287,54.4743,302.4192,49.8282,133.3892,0,U,61187,999,915,0,-.67E-6,0
GPS BIII-7  (PRN 01),2024-242A,2026-06-10T20:45:32.983776,2.00571298,.00173081,54.8505,334.4380,3.9284,359.9607,0,U,62339,999,1113,0,-.65E-6,0
QZS-6 (QZSS/PRN 200),2025-023A,2026-06-11T15:28:28.301664,1.00272387,.0001801,0.0396,62.2779,25.9738,134.3735,0,U,62876,999,489,0,-.217E-5,0
COSMOS 2584 (704K),2025-042A,2026-06-08T05:23:06.412992,2.13103875,.00058283,65.0792,73.1067,228.4476,131.5246,0,U,63130,999,985,0,-.15E-6,0
GPS BIII-8  (PRN 21),2025-116A,2026-06-04T08:47:30.944832,2.00577081,.00084526,55.2259,31.6468,337.8257,196.1658,0,U,64202,999,761,0,-.73E-6,0
COSMOS 2596 (708K),2025-206B,2026-06-10T09:21:23.669856,2.13100656,.00110879,64.6376,315.2225,312.7926,24.8898,0,U,65590,999,576,0,-.39E-6,0
GSAT0233 (GALILEO 33),2025-302A,2026-06-06T15:54:07.553088,1.70474269,.0001324,54.3305,102.4316,236.8649,300.4651,0,U,67160,999,294,0,.23E-6,0
GSAT0234 (GALILEO 34),2025-302C,2026-06-08T17:25:19.291008,1.70474133,.00031255,54.3315,102.3718,304.5628,239.1894,0,U,67162,999,303,0,.25E-6,0
GPS BIII-9  (PRN 20),2026-017A,2026-06-08T05:21:26.887104,2.00571164,.00217737,55.0831,89.1152,257.0982,102.6538,0,U,67588,999,43143,0,.5E-7,0
GPS BIII-10 (PRN 13),2026-087A,2026-06-07T10:32:17.680992,2.00569573,.00209312,54.9638,208.1735,107.2972,251.8874,0,U,68791,999,63,0,.57E-6,0
